<?xml version="1.0" encoding="UTF-8"?>
<project-private xmlns="http://www.netbeans.org/ns/project-private/1">
    <editor-bookmarks xmlns="http://www.netbeans.org/ns/editor-bookmarks/2" lastBookmarkId="0"/>
    <open-files xmlns="http://www.netbeans.org/ns/projectui-open-files/2">
        <group>
            <file>file:/C:/Users/Chhaya%20Anand/Documents/NetBeansProjects/Network_Tool/src/PCinfo.java</file>
            <file>file:/C:/Users/Chhaya%20Anand/Documents/NetBeansProjects/Network_Tool/src/Explore.java</file>
            <file>file:/C:/Users/Chhaya%20Anand/Documents/NetBeansProjects/Network_Tool/src/SinglePanel.java</file>
            <file>file:/C:/Users/Chhaya%20Anand/Documents/NetBeansProjects/Network_Tool/src/MainController.java</file>
            <file>file:/C:/Users/Chhaya%20Anand/Documents/NetBeansProjects/Network_Tool/src/SplashScreenServer.java</file>
            <file>file:/C:/Users/Chhaya%20Anand/Documents/NetBeansProjects/Network_Tool/src/screen.jpeg</file>
            <file>file:/C:/Users/Chhaya%20Anand/Documents/NetBeansProjects/Network_Tool/src/SingleComparisonPanel.java</file>
            <file>file:/C:/Users/Chhaya%20Anand/Documents/NetBeansProjects/Network_Tool/src/ping.java</file>
            <file>file:/C:/Users/Chhaya%20Anand/Documents/NetBeansProjects/Network_Tool/src/FullScreenView.java</file>
            <file>file:/C:/Users/Chhaya%20Anand/Documents/NetBeansProjects/Network_Tool/src/ComparisonFrame2.java</file>
            <file>file:/C:/Users/Chhaya%20Anand/Documents/NetBeansProjects/Network_Tool/src/SplashScreenController.java</file>
            <file>file:/C:/Users/Chhaya%20Anand/Documents/NetBeansProjects/Network_Tool/src/teamviewer_0.jpg</file>
            <file>file:/C:/Users/Chhaya%20Anand/Documents/NetBeansProjects/Network_Tool/src/ComparisonFrame.java</file>
            <file>file:/C:/Users/Chhaya%20Anand/Documents/NetBeansProjects/Network_Tool/src/credentials.java</file>
            <file>file:/C:/Users/Chhaya%20Anand/Documents/NetBeansProjects/Network_Tool/src/MainServer.java</file>
        </group>
    </open-files>
</project-private>
